agents,steps,commit_every,events,epochs,proof_bytes,hash_ms_median,hash_ms_q1,hash_ms_q3,commit_ms_median,commit_ms_q1,commit_ms_q3,verify_ms_median,verify_ms_q1,verify_ms_q3,proof_verify_ms_median,proof_verify_ms_q1,proof_verify_ms_q3
2,100,10,200,10,492,0.9786,0.9682,0.9981,0.1691,0.1638,0.1867,1.3116,1.2708,1.3523,0.019,0.0187,0.0195
2,100,100,200,1,460,1.0261,1.0202,1.0595,0.1021,0.1014,0.1062,1.2572,1.2178,1.2939,0.0175,0.0171,0.0181
2,1000,10,2000,100,593,10.4369,10.2918,10.7868,1.8,1.7649,1.8247,13.3083,12.243,13.5454,0.0179,0.0177,0.0183
2,1000,100,2000,10,593,9.319,9.14,9.4101,0.9807,0.962,1.0628,11.49,11.2342,11.9063,0.0203,0.0199,0.021
2,10000,10,20000,1000,694,106.1689,97.4408,107.5278,18.9995,18.214,20.413,139.095,138.3038,142.7356,0.0227,0.022,0.0252
2,10000,100,20000,100,694,104.3498,99.2899,105.0471,9.7661,9.6717,9.9901,116.4989,109.9083,120.6763,0.0208,0.0203,0.0262
10,100,10,1000,10,559,4.7983,4.748,4.8366,0.5222,0.5048,0.5423,5.8931,5.7049,6.0282,0.019,0.0186,0.0202
10,100,100,1000,1,527,5.189,5.1447,5.2899,0.5082,0.4838,0.5165,5.9154,5.8988,5.9744,0.0178,0.0175,0.0183
10,1000,10,10000,100,660,52.2811,51.3963,52.5531,5.3796,5.3501,5.4267,58.3456,57.5463,59.8403,0.0191,0.0187,0.0201
10,1000,100,10000,10,660,46.3418,45.3622,46.8561,4.7439,4.7001,4.8226,64.032,63.4832,64.3314,0.0218,0.0215,0.0225
10,10000,10,100000,1000,761,489.3803,475.796,532.2682,57.7024,57.2845,58.0621,690.9329,650.3032,695.8826,0.0239,0.0235,0.0243
10,10000,100,100000,100,761,473.2912,445.7187,502.6392,43.7573,43.0079,44.6356,621.5793,607.0951,647.6185,0.0222,0.0219,0.0236
50,100,10,5000,10,625,24.065,23.79,24.3552,2.3425,2.2865,2.3591,28.7516,28.4994,29.0595,0.0196,0.0193,0.0203
50,100,100,5000,1,626,23.5379,23.1317,24.0347,2.2021,2.1934,2.2256,31.3804,31.225,31.5853,0.0227,0.0209,0.027
50,1000,10,50000,100,726,264.4173,262.1649,268.4626,21.6449,20.9436,22.7066,280.5617,270.5756,286.573,0.0179,0.0176,0.0199
50,1000,100,50000,10,759,260.983,245.097,265.3354,20.63,20.4634,20.8342,290.2329,282.3057,297.1048,0.0193,0.019,0.0197
50,10000,10,500000,1000,827,2461.138,2383.3796,2580.5894,258.5731,255.4154,262.0884,3344.0778,3255.1494,3470.9286,0.0251,0.0246,0.0259
50,10000,100,500000,100,860,2465.9803,2356.5807,2591.4697,224.2783,211.3891,251.5034,3345.0728,3266.247,3486.0063,0.0249,0.0245,0.0268
